﻿<?xml version="1.0" encoding="utf-8" ?>
<Defs>

  <WorkGiverDef>
    <defName>CTSMakeAdvanceMedicine</defName>
    <giverClass>WorkGiver_DoBill</giverClass>
    <workType>Crafting</workType>
    <priorityInType>101</priorityInType>
    <fixedBillGiverDefs>
      <li>CTSAdvancedMedicineLab</li>
    </fixedBillGiverDefs>
    <verb>crafting</verb>
    <gerund>crafting at</gerund>
    <requiredCapacities>
      <li>Manipulation</li>
    </requiredCapacities>
	<prioritizeSustains>true</prioritizeSustains>
  </WorkGiverDef>

</Defs>