<?xml version="1.0" encoding="utf-8" ?>
<Patch>

 <!--================================ patches for beds ======================================-->

	<Operation Class="PatchOperationSequence">
		<success>Always</success>
		<operations>
			<li Class="CTS.PatchOperationFindMod">
				<modName>[T] MoreBedsCloth</modName>
			</li>
			<li Class="PatchOperationAdd">
		<xpath>*/ThingDef[@Name = "TBedBase"]/comps/li[@Class = "CompProperties_AffectedByFacilities"]/linkableFacilities</xpath>
		<value>
		  <li>CTSAdvancedVitalsMonitor</li>
		</value>
	</li>
			
			</operations>
	</Operation>

	<Operation Class="PatchOperationSequence">
		<success>Always</success>
		<operations>
			<li Class="CTS.PatchOperationFindMod">
				<modName>[T] MoreBedsCloth</modName>
			</li>
			<li Class="PatchOperationAdd">
		<xpath>*/ThingDef[@Name = "TDoubleBedBase"]/comps/li[@Class = "CompProperties_AffectedByFacilities"]/linkableFacilities</xpath>
		<value>
		  <li>CTSAdvancedVitalsMonitor</li>
		</value>
	</li>
			
			</operations>
	</Operation>

	<Operation Class="PatchOperationSequence">
		<success>Always</success>
		<operations>
			<li Class="CTS.PatchOperationFindMod">
				<modName>[T] MoreBedsCloth</modName>
			</li>
			<li Class="PatchOperationAdd">
		<xpath>*/ThingDef[@Name = "TRoyalBedBase"]/comps/li[@Class = "CompProperties_AffectedByFacilities"]/linkableFacilities</xpath>
		<value>
		  <li>CTSAdvancedVitalsMonitor</li>
		</value>
	</li>
			
			</operations>
	</Operation>
	
	<!--================================ patches for beds ======================================-->

	<Operation Class="PatchOperationSequence">
		<success>Always</success>
		<operations>
			<li Class="CTS.PatchOperationFindMod">
				<modName>[T] MoreBedsVanilla</modName>
			</li>
			<li Class="PatchOperationAdd">
		<xpath>*/ThingDef[@Name = "TBedBase"]/comps/li[@Class = "CompProperties_AffectedByFacilities"]/linkableFacilities</xpath>
		<value>
		  <li>CTSAdvancedVitalsMonitor</li>
		</value>
	</li>
			
			</operations>
	</Operation>

	<Operation Class="PatchOperationSequence">
		<success>Always</success>
		<operations>
			<li Class="CTS.PatchOperationFindMod">
				<modName>[T] MoreBedsVanilla</modName>
			</li>
			<li Class="PatchOperationAdd">
		<xpath>*/ThingDef[@Name = "TDoubleBedBase"]/comps/li[@Class = "CompProperties_AffectedByFacilities"]/linkableFacilities</xpath>
		<value>
		  <li>CTSAdvancedVitalsMonitor</li>
		</value>
	</li>
			
			</operations>
	</Operation>

	<Operation Class="PatchOperationSequence">
		<success>Always</success>
		<operations>
			<li Class="CTS.PatchOperationFindMod">
				<modName>[T] MoreBedsVanilla</modName>
			</li>
			<li Class="PatchOperationAdd">
		<xpath>*/ThingDef[@Name = "TRoyalBedBase"]/comps/li[@Class = "CompProperties_AffectedByFacilities"]/linkableFacilities</xpath>
		<value>
		  <li>CTSAdvancedVitalsMonitor</li>
		</value>
	</li>
			
			</operations>
	</Operation>
  
</Patch>