﻿<?xml version="1.0" encoding="utf-8" ?>
<Defs>
  <!--================================= abstract base =================================-->
  
  <!--================================= abstract base =================================-->

  <ThingDef Name="CTSBuildingBase" Abstract="True">
    <category>Building</category>
    <thingClass>Building</thingClass>
    <soundImpactDefault>BulletImpact_Metal</soundImpactDefault>
    <selectable>true</selectable>
    <drawerType>MapMeshAndRealTime</drawerType>
    <terrainAffordanceNeeded>Light</terrainAffordanceNeeded>
    <repairEffect>Repair</repairEffect>
    <leaveResourcesWhenKilled>true</leaveResourcesWhenKilled>
    <filthLeaving>Filth_RubbleBuilding</filthLeaving>
		<statBases>
			<SellPriceFactor>0.70</SellPriceFactor>
		</statBases>
  </ThingDef>
  
   <!--================================= base adv vitals monitor =================================-->
  
  
  <ThingDef Name="CTSFurnitureBase" ParentName="CTSBuildingBase" Abstract="True">
    <comps>
      <li>
        <compClass>CompQuality</compClass>
      </li>
    </comps>
    <designationCategory>Furniture</designationCategory>
    <minifiedDef>MinifiedThing</minifiedDef>
    <thingCategories>
      <li>BuildingsFurniture</li>
    </thingCategories>
	<selectable>true</selectable>
	<tradeTags>
      <li>Furniture</li>
    </tradeTags>
  </ThingDef>
  
  <!--================================= base adv hospital bed =================================-->
  
  
  <ThingDef Name="CTSAdvHospitalBedBase" ParentName="CTSFurnitureBase" Abstract="True">
  
  <comps>
      <li Class="CompProperties_AffectedByFacilities">
        <linkableFacilities>		
          <li>CTSAdvancedVitalsMonitor</li>
		  <li>VitalsMonitor</li> <!-- vanilla vitals monitor -->
		  <li>EndTable</li>
          <li>Dresser</li>
		</linkableFacilities>
      </li>
	  <li Class="CompProperties_RoomIdentifier">
				<roomStat>Impressiveness</roomStat>
	  </li>
    </comps>
  </ThingDef>
  
 </Defs>