<?xml version="1.0" encoding="utf-8" ?>
<Defs>

  <!--================================= plasma geothermal =================================-->
  
  <ThingDef ParentName="CTSBuildingBase">
    <defName>CTSPlasmaGeothermalPlant</defName>
    <label>Plasma Fueled Plant</label>
    <thingClass>CTS.PlasmaGeothermalPlant</thingClass>
	<graphicData>
	<shaderType>Transparent</shaderType>
     <texPath>CTS/PlasmaGeothermalPlantFrames/GeothermalPlantOFF</texPath>
    <graphicClass>Graphic_Single</graphicClass>
	<drawSize>(4,4)</drawSize>
    <damageData>
      <rect>(0,0.6,4,2.8)</rect>
    </damageData>
	</graphicData>
    <altitudeLayer>Building</altitudeLayer>
    <passability>PassThroughOnly</passability>
	<pathCost>150</pathCost>
     <fillPercent>1</fillPercent>
    <statBases>
      <MaxHitPoints>500</MaxHitPoints>
      <WorkToBuild>6000</WorkToBuild>
	  <Mass>750</Mass>
      <Flammability>1.0</Flammability>
      <Beauty>-10</Beauty>
    </statBases>
    <tickerType>Normal</tickerType>
    <description>Produces electricity from uranium - plasma steam powered</description>
    <size>(4,4)</size>
    <costList>
		<Steel>200</Steel>
		<Plasteel>30</Plasteel>
		<ComponentIndustrial>5</ComponentIndustrial>
		<ComponentSpacer>4</ComponentSpacer>
    </costList>
    <comps>
      <li Class="CompProperties_Power">
        <compClass>CompPowerTrader</compClass>
        <basePowerConsumption>-7500</basePowerConsumption>
        <transmitsPower>true</transmitsPower>
      </li>
      <li Class="CompProperties_Flickable" />
      <li Class="CompProperties_Refuelable">
        <fuelConsumptionRate>0.3</fuelConsumptionRate>
        <fuelCapacity>10.0</fuelCapacity>
        <fuelFilter>
          <thingDefs>
            <li>Uranium</li>
          </thingDefs>
        </fuelFilter>
      </li>
	  <li Class="CompProperties_HeatPusher">
        <heatPerSecond>43</heatPerSecond>
        <heatPushMaxTemperature>100</heatPushMaxTemperature>
      </li>
      <li Class="CompProperties_Glower">
        <glowRadius>6</glowRadius>
        <glowColor>(217,112,33,0)</glowColor>
      </li>
      <li Class="CompProperties_Breakdownable"/>
    </comps>
    <rotatable>true</rotatable>
    <terrainAffordanceNeeded>Heavy</terrainAffordanceNeeded>
    <designationCategory>Power</designationCategory>
    <staticSunShadowHeight>1.0</staticSunShadowHeight>
    <placeWorkers>
      <li>PlaceWorker_NotUnderRoof</li>
    </placeWorkers>
    <building>
		<ai_chillDestination>false</ai_chillDestination>
		<soundAmbient>GeothermalPlant_Ambience</soundAmbient>
    </building>
    <constructEffect>ConstructMetal</constructEffect>
  
    <researchPrerequisites>
      <li>CTSPlasma_Geo_Plant</li>
    </researchPrerequisites>
	<minifiedDef>MinifiedThing</minifiedDef>
    <thingCategories>
      <li>BuildingsPower</li>
    </thingCategories>
  </ThingDef>
  
</Defs>